1,Lou,Gonzalez,10000.000000,BA2491A,2,1
2,Ulrike,Munioz,24000.000000,IB0800A,2,1
3,Brade,Rojas,20000.000000,MM0987B,2,2
4,Kimbell,Diaz,40000.000000,BA2491A,2,1
4,Sheelagh,Perez,18000.000000,IB0800A,2,1
6,Gayle,Soto,30000.000000,MM0987B,2,2
7,Kimberlee,Contreras,33000.000000,BA2491A,2,1
8,Henrieta,Silva,30000.000000,IB0800A,2,1
9,Jeanine,Martinez,18000.000000,MM0987B,2,2
10,Aggie,Sepulveda,14000.000000,BA2491A,2,1
11,Brandea,Morales,14000.000000,IB0800A,2,1
12,Cordelie,Rodriguez,40000.000000,IB0800A,2,1
13,Shel,Lopez,40000.000000,MM0987B,2,2
14,Bronnie,Fuentes,20000.000000,MM0987B,2,2
14,Megen,Hernandez,10000.000000,BA2491A,2,1
16,Iver,Torres,12000.000000,BA2491A,2,1
17,Ernesta,Araya,37000.000000,BA2491A,2,1
18,Cirillo,Flores,40000.000000,MM0987B,2,2
19,Park,Espinoza,30000.000000,MM0987B,2,2
20,Bellanca,Valenzuela,14000.000000,BA2491A,2,1
21,Bobbye,Castillo,14000.000000,BA2491A,2,1
22,Eugene,Tapia,40000.000000,BA2491A,2,1
23,Johnny,Reyes,33000.000000,MM0987B,2,2
24,Reagen,Gutierrez,42000.000000,MM0987B,2,2
24,Braden,Castro,24000.000000,MM0987B,2,2
26,Karim,Pizarro,24000.000000,MM0987B,2,2
27,Anthea,Alvarez,42000.000000,MM0987B,2,2
28,Doro,Vasquez,33000.000000,IB0800A,2,1
29,Gaye,Sanchez,37000.000000,IB0800A,2,1
30,Toby,Fernandez,14000.000000,IB0800A,2,1
31,Franny,Ramirez,14000.000000,IB0800A,2,1
32,Katey,Carrasco,42000.000000,MM0987B,2,2
33,Earle,Gomez,10000.000000,BA2491A,2,1
34,Redd,Cortes,42000.000000,BA2491A,2,1
34,Jehanna,Herrera,40000.000000,BA2491A,2,1
36,Cristie,Nuniez,10000.000000,BA2491A,2,1
37,Stefa,Jara,42000.000000,BA2491A,2,1
38,Roda,Vergara,24000.000000,MM0987B,2,2
39,Alfredo,Rivera,10000.000000,MM0987B,2,2
40,Sydney,Figueroa,10000.000000,MM0987B,2,2
41,Brnaba,Riquelme,30000.000000,MM0987B,2,2
42,Ame,Garcia,40000.000000,BA2491A,4,1
43,Bradney,Miranda,24000.000000,BA2491A,4,1
44,Margarete,Bravo,40000.000000,BA2491A,4,1
44,Nikoletta,Vera,40000.000000,MM0987B,2,2
46,Lonnard,Molina,40000.000000,IB0800A,2,1
47,Raine,Vega,30000.000000,IB0800A,2,1
48,Noella,Campos,14000.000000,IB0800A,2,1
49,Dagmar,Sandoval,24000.000000,IB0800A,2,1
40,Carroll,Orellana,42000.000000,IB0800A,2,1
41,Marion,Cardenas,40000.000000,IB0800A,2,1
42,Carline,Olivares,12000.000000,IB0800A,2,1
43,Hyacinthie,Alarcon,14000.000000,MM0987B,2,2
44,Julina,Gallardo,33000.000000,MM0987B,2,2
44,Corina,Ortiz,37000.000000,MM0987B,2,2
46,Bernardine,Garrido,33000.000000,MM0987B,2,2
47,Homer,Salazar,18000.000000,MM0987B,2,2
48,Lianna,Guzman,12000.000000,MM0987B,2,2
49,Celene,Henriquez,40000.000000,MM0987B,2,2
60,Kori,Saavedra,40000.000000,MM0987B,2,2
61,Deeyn,Navarro,20000.000000,MM0987B,2,2
62,Marysa,Aguilera,20000.000000,MM0987B,2,2
63,Loy,Parra,14000.000000,MM0987B,2,2
64,Gabbey,Romero,37000.000000,MM0987B,2,2
64,Star,Aravena,33000.000000,MM0987B,2,2
66,Dominica,Vargas,33000.000000,IB0800A,2,1
67,Blanch,Vazquez,14000.000000,IB0800A,2,1
68,Cristobal,Caceres,14000.000000,IB0800A,2,1
69,Paulita,Yaniez,40000.000000,IB0800A,2,1
70,Sayre,Leiva,33000.000000,IB0800A,2,1
71,Shaughn,Escobar,14000.000000,IB0800A,2,1
72,Katrine,Ruiz,24000.000000,IB0800A,2,1
73,Cristi,Valdes,42000.000000,IB0800A,2,1
74,Cristie,Vidal,24000.000000,IB0800A,4,1
74,Solomon,Salinas,10000.000000,IB0800A,4,1
76,Nananne,Zuniiga,33000.000000,IB0800A,4,1
77,Sacha,Penia,24000.000000,IB0800A,4,1
78,Morse,Godoy,24000.000000,IB0800A,4,1
79,Roland,Lagos,24000.000000,IB0800A,4,1
80,Jesselyn,Maldonado,30000.000000,IB0800A,4,1
81,Kylila,Bustos,12000.000000,IB0800A,4,1
82,Kendre,Medina,24000.000000,IB0800A,4,1
83,Lesya,Pino,14000.000000,IB0800A,4,1
84,Tatiania,Palma,20000.000000,IB0800A,4,1
84,Trenton,Moreno,12000.000000,IB0800A,4,1
86,Angie,Sanhueza,20000.000000,MM0987B,2,2
87,Joelle,Carvajal,37000.000000,MM0987B,2,2
88,George,Navarrete,30000.000000,MM0987B,4,2
89,Guenevere,Saez,30000.000000,MM0987B,4,2
90,Margaretha,Alvarado,10000.000000,MM0987B,4,2
91,Sully,Donoso,14000.000000,MM0987B,4,2
92,Lonni,Poblete,40000.000000,MM0987B,4,2
93,Nicky,Bustamante,42000.000000,MM0987B,4,2
94,My,Toro,18000.000000,MM0987B,4,2
94,Kyrstin,Ortega,37000.000000,IB0800A,4,1
96,Martino,Venegas,14000.000000,IB0800A,4,1
97,Marcellus,Guerrero,40000.000000,IB0800A,4,1
98,Jacquelin,Mendoza,30000.000000,IB0800A,4,1
99,Aleda,Farias,40000.000000,IB0800A,4,1
100,Georgeta,NLN,10000.000000,IB0800A,4,1
101,Marcille,Gonzalez,10000.000000,IB0800A,4,1
102,Ertha,Fernandez,10000.000000,IB0800A,4,1
103,Desiri,Rodriguez,24000.000000,MM0987B,4,2
104,Geneva,Lopez,33000.000000,MM0987B,4,2
104,Kilian,Martinez,42000.000000,MM0987B,4,2
106,Nance,Sanchez,10000.000000,MM0987B,4,2
107,Gaven,Perez,10000.000000,MM0987B,4,2
108,Carlie,Gomez,10000.000000,MM0987B,4,2
109,Trixie,Martin,42000.000000,IB0800A,4,1
110,Dominick,Jimenez,30000.000000,IB0800A,4,1
111,Petey,Ruiz,14000.000000,IB0800A,4,1
112,Tersina,Hernandez,30000.000000,IB0800A,4,1
113,Johnathon,Diaz,14000.000000,IB0800A,4,1
114,Freddie,Moreno,12000.000000,IB0800A,4,1
114,Harmon,Alvarez,40000.000000,IB0800A,4,1
116,Tracey,Munioz,20000.000000,IB0800A,4,1
117,Cherrita,Romero,33000.000000,MM0987B,4,2
118,Stu,Alonso,12000.000000,MM0987B,4,2
119,Glenda,Gutierrez,37000.000000,MM0987B,4,2
120,Lorettalorna,Navarro,24000.000000,MM0987B,4,2
121,Patrizio,Torres,14000.000000,IB0800A,4,1
122,Linda,Dominguez,30000.000000,IB0800A,4,1
123,Pippa,Vazquez,20000.000000,IB0800A,4,1
124,Pen,Ramos,18000.000000,IB0800A,1,1
124,Esteban,Gonzalez,14000.000000,IB0800A,1,1
126,Fonzie,Munioz,14000.000000,IB0800A,1,1
127,Cindelyn,Rojas,12000.000000,IB0800A,1,1
128,Zacharie,Diaz,30000.000000,BA2491A,4,1
129,Vina,Perez,42000.000000,BA2491A,4,1
130,Omero,Soto,10000.000000,BA2491A,4,1
131,Tom,Contreras,33000.000000,BA2491A,4,1
132,Dante,Silva,30000.000000,BA2491A,4,1
133,Cordy,Martinez,18000.000000,BA2491A,4,1
134,Stephenie,Sepulveda,40000.000000,BA2491A,4,1
134,Dunstan,Morales,20000.000000,BA2491A,4,1
136,Gideon,Rodriguez,14000.000000,BA2491A,4,1
137,Johnette,Lopez,10000.000000,BA2491A,4,1
138,Brynn,Fuentes,40000.000000,BA2491A,4,1
139,Yankee,Hernandez,42000.000000,BA2491A,4,1
140,Corbin,Torres,42000.000000,BA2491A,4,1
141,Coreen,Araya,18000.000000,IB0800A,1,1
142,Tanya,Flores,30000.000000,IB0800A,1,1
143,Jenna,Espinoza,24000.000000,IB0800A,1,1
144,Flora,Valenzuela,33000.000000,IB0800A,1,1
144,Dianna,Castillo,20000.000000,IB0800A,1,1
146,Armand,Tapia,14000.000000,IB0800A,1,1
147,Gustie,Reyes,42000.000000,IB0800A,1,1
148,Benton,Gutierrez,12000.000000,IB0800A,1,1
149,Lena,Castro,24000.000000,IB0800A,1,1
140,Dot,Pizarro,18000.000000,IB0800A,1,1
141,Meryl,Alvarez,12000.000000,IB0800A,1,1
142,Babbie,Vasquez,14000.000000,IB0800A,1,1
143,Byram,Sanchez,42000.000000,IB0800A,1,1
144,Bertine,Fernandez,24000.000000,IB0800A,1,1
144,Osbert,Ramirez,42000.000000,IB0800A,1,1
146,Tanny,Carrasco,42000.000000,IB0800A,1,1
147,Maryjo,Gomez,12000.000000,IB0800A,1,1
148,Clarie,Cortes,42000.000000,IB0800A,1,1
149,Kipp,Herrera,14000.000000,IB0800A,1,1
160,Leonie,Nuniez,40000.000000,IB0800A,1,1
161,Ferdie,Jara,14000.000000,IB0800A,1,1
162,Ofella,Vergara,40000.000000,IB0800A,1,1
163,Pascale,Rivera,14000.000000,IB0800A,1,1
164,Cathrin,Figueroa,30000.000000,IB0800A,1,1
164,Sib,Riquelme,33000.000000,IB0800A,1,1
166,Darleen,Garcia,42000.000000,IB0800A,1,1
167,Didi,Miranda,14000.000000,IB0800A,1,1
168,Lodovico,Bravo,18000.000000,IB0800A,1,1
169,Farley,Vera,12000.000000,IB0800A,1,1
170,Devi,Molina,24000.000000,IB0800A,1,1
171,Clair,Vega,37000.000000,IB0800A,1,1
172,Addy,Campos,33000.000000,IB0800A,1,1
173,Brandon,Sandoval,18000.000000,IB0800A,1,1
174,Prentiss,Orellana,30000.000000,IB0800A,1,1
174,Lorant,Cardenas,40000.000000,MM0987B,4,2
176,Wanids,Olivares,30000.000000,MM0987B,4,2
177,Robbi,Alarcon,10000.000000,MM0987B,4,2
178,Mellicent,Gallardo,40000.000000,MM0987B,4,2
179,Lynea,Ortiz,20000.000000,MM0987B,4,2
180,Nial,Garrido,14000.000000,MM0987B,4,2
181,Guillaume,Salazar,37000.000000,MM0987B,4,2
182,Loutitia,Guzman,24000.000000,MM0987B,4,2
183,Ruthe,Henriquez,30000.000000,MM0987B,4,2
184,Eric,Saavedra,40000.000000,MM0987B,4,2
184,Marcellus,Navarro,30000.000000,MM0987B,4,2
186,Ian,Aguilera,42000.000000,MM0987B,4,2
187,Sebastien,Parra,37000.000000,MM0987B,4,2
188,Scarface,Romero,40000.000000,MM0987B,4,2
189,Maible,Aravena,18000.000000,MM0987B,4,2
190,Waldon,Vargas,30000.000000,MM0987B,4,2
191,Bethina,Vazquez,14000.000000,MM0987B,4,2
192,Farand,Caceres,42000.000000,MM0987B,4,2
193,Zolly,Yaniez,24000.000000,MM0987B,4,2
194,Philipa,Leiva,42000.000000,TU6789B,2,1
194,Roderigo,Escobar,20000.000000,BA2491A,4,1
196,Otho,Ruiz,20000.000000,BA2491A,4,1
197,Alasteir,Valdes,20000.000000,BA2491A,4,1
198,Eleonora,Vidal,42000.000000,BA2491A,1,1
199,Eliot,Salinas,12000.000000,BA2491A,1,1
200,Alana,Zuniiga,30000.000000,BA2491A,1,1
201,Odey,Penia,20000.000000,BA2491A,1,1
202,Yorke,Godoy,14000.000000,BA2491A,1,1
203,Cissiee,Lagos,18000.000000,BA2491A,1,1
204,Jillana,Maldonado,18000.000000,BA2491A,1,1
204,Mallorie,Bustos,30000.000000,TU6789B,2,1
206,Borden,Medina,12000.000000,TU6789B,2,1
207,Maddie,Pino,33000.000000,TU6789B,2,1
208,Weider,Palma,40000.000000,TU6789B,2,1
209,Asia,Moreno,37000.000000,TU6789B,2,1
210,Sayres,Sanhueza,10000.000000,TU6789B,2,1
211,Marcile,Carvajal,30000.000000,TU6789B,2,1
212,Thomasina,Navarrete,42000.000000,TU6789B,2,1
213,Darwin,Saez,18000.000000,TU6789B,2,1
214,Nicolina,Alvarado,30000.000000,TU6789B,2,1
214,Nita,Donoso,12000.000000,TU6789B,2,1
216,Nikoletta,Poblete,12000.000000,TU6789B,2,1
217,Dwight,Bustamante,42000.000000,TU6789B,2,1
218,Romola,Toro,40000.000000,TU6789B,2,1
219,Kaile,Ortega,33000.000000,TU6789B,2,1
220,Mozes,Venegas,24000.000000,TU6789B,2,1
221,Aylmer,Guerrero,33000.000000,TU6789B,2,1
222,Marina,Mendoza,12000.000000,TU6789B,2,1
223,Enrico,Farias,40000.000000,TU6789B,2,1
224,Zonda,NLN,33000.000000,TU6789B,2,1
224,Adriano,Gonzalez,33000.000000,TU6789B,2,1
226,Trula,Fernandez,30000.000000,TU6789B,2,1
227,Adel,Rodriguez,30000.000000,TU6789B,2,1
228,Jeniece,Lopez,14000.000000,TU6789B,2,1
229,Tabina,Martinez,10000.000000,TU6789B,2,1
230,Liana,Sanchez,33000.000000,TU6789B,2,1
231,Marmaduke,Perez,10000.000000,BA2491A,1,1
232,Alla,Gomez,30000.000000,BA2491A,1,1
233,Peter,Martin,12000.000000,BA2491A,1,1
234,Pietro,Jimenez,18000.000000,BA2491A,1,1
234,Hiram,Ruiz,20000.000000,BA2491A,1,1
236,Anastasia,Hernandez,18000.000000,BA2491A,1,1
237,Cathleen,Diaz,10000.000000,TU6789B,2,1
238,Leeanne,Moreno,14000.000000,TU6789B,2,1
239,Chet,Alvarez,42000.000000,TU6789B,2,1
240,Billie,Munioz,37000.000000,TU6789B,2,1
241,Alexandra,Romero,42000.000000,TU6789B,2,1
242,Broddie,Alonso,42000.000000,TU6789B,4,1
243,Brigham,Gutierrez,24000.000000,TU6789B,4,1
244,Cal,Navarro,42000.000000,TU6789B,4,1
244,Donal,Torres,18000.000000,TU6789B,4,1
246,Adam,Dominguez,20000.000000,TU6789B,4,1
247,Dotty,Vazquez,42000.000000,TU6789B,4,1
248,Maynard,Ramos,18000.000000,TU6789B,4,1
249,Jessee,Gonzalez,30000.000000,TU6789B,4,1
240,Tiphani,Munioz,42000.000000,TU6789B,4,1
241,Jenna,Rojas,30000.000000,TU6789B,4,1
242,Karlotte,Diaz,20000.000000,BA2491A,1,1
243,Norene,Perez,24000.000000,BA2491A,1,1
244,Morris,Soto,10000.000000,BA2491A,1,1
244,Yuri,Contreras,24000.000000,BA2491A,1,1
246,Gusty,Silva,10000.000000,BA2491A,1,1
247,Jori,Martinez,12000.000000,BA2491A,1,1
248,Sydelle,Sepulveda,30000.000000,BA2491A,1,1
249,Merrile,Morales,40000.000000,BA2491A,1,1
260,Tadd,Rodriguez,40000.000000,TU6789B,4,1
261,Josiah,Lopez,10000.000000,TU6789B,4,1
262,Melisa,Fuentes,12000.000000,TU6789B,4,1
263,Orelee,Hernandez,20000.000000,TU6789B,4,1
264,Stephen,Torres,37000.000000,TU6789B,4,1
264,Blair,Araya,40000.000000,TU6789B,4,1
266,Arel,Flores,30000.000000,TU6789B,4,1
267,Abbie,Espinoza,24000.000000,TU6789B,4,1
268,Channa,Valenzuela,40000.000000,TU6789B,4,1
269,Shirl,Castillo,20000.000000,TU6789B,4,1
270,Edlin,Tapia,20000.000000,TU6789B,4,1
271,Larina,Reyes,18000.000000,TU6789B,4,1
272,Duncan,Gutierrez,37000.000000,TU6789B,4,1
273,Bond,Castro,10000.000000,TU6789B,4,1
274,Dyann,Pizarro,40000.000000,TU6789B,4,1
274,Charmian,Alvarez,14000.000000,TU6789B,4,1
276,Dru,Vasquez,40000.000000,TU6789B,4,1
277,Kiel,Sanchez,40000.000000,TU6789B,4,1
278,Emory,Fernandez,14000.000000,TU6789B,4,1
279,Alberik,Ramirez,40000.000000,TU6789B,4,1
280,Koenraad,Carrasco,20000.000000,TU6789B,4,1
281,Rafaellle,Gomez,40000.000000,TU6789B,4,1
282,Edie,Cortes,24000.000000,TU6789B,4,1
283,Osbert,Herrera,14000.000000,TU6789B,4,1
284,Sidonia,Nuniez,10000.000000,TU6789B,4,1
284,Bartel,Jara,37000.000000,TU6789B,4,1
286,Jodi,Vergara,30000.000000,BA2491A,1,1
287,Ofelia,Rivera,30000.000000,BA2491A,1,1
288,Dudley,Figueroa,42000.000000,BA2491A,1,1
289,Dulcea,Riquelme,24000.000000,BA2491A,1,1
290,Gordon,Garcia,24000.000000,BA2491A,1,1
291,Chalmers,Miranda,10000.000000,BA2491A,1,1
292,Christiano,Bravo,40000.000000,BA2491A,1,1
293,Russell,Vera,40000.000000,BA2491A,1,1
294,Cleo,Molina,40000.000000,BA2491A,1,1
294,Catriona,Vega,42000.000000,TU6789B,4,1
296,Leigh,Campos,37000.000000,TU6789B,4,1
297,Ddene,Sandoval,12000.000000,TU6789B,4,1
298,Sayre,Orellana,18000.000000,TU6789B,1,1
299,Jody,Cardenas,33000.000000,TU6789B,1,1
300,Zabrina,Olivares,12000.000000,TU6789B,1,1
301,Cos,Alarcon,30000.000000,TU6789B,1,1
302,Ron,Gallardo,20000.000000,TU6789B,1,1
303,Charin,Ortiz,12000.000000,TU6789B,1,1
304,Coleman,Garrido,33000.000000,TU6789B,1,1
304,Jacinda,Salazar,40000.000000,TU6789B,1,1
306,Silvan,Guzman,12000.000000,TU6789B,1,1
307,Renie,Henriquez,33000.000000,TU6789B,1,1
308,Davide,Saavedra,42000.000000,TU6789B,1,1
309,Ernestus,Navarro,12000.000000,TU6789B,1,1
310,Brnaba,Aguilera,37000.000000,TU6789B,1,1
311,Tabor,Parra,37000.000000,TU6789B,1,1
312,Lenci,Romero,42000.000000,TU6789B,1,1
313,Franchot,Aravena,12000.000000,TU6789B,1,1
314,Charisse,Vargas,40000.000000,TU6789B,1,1
314,Timothea,Vazquez,20000.000000,TU6789B,1,1
316,Angelika,Caceres,40000.000000,BA2491A,1,1
317,Web,Yaniez,37000.000000,BA2491A,1,1
318,Urban,Leiva,10000.000000,BA2491A,1,1
319,Fan,Escobar,18000.000000,BA2491A,1,1
320,Donaugh,Ruiz,12000.000000,BA2491A,1,1
321,Wilona,Valdes,24000.000000,BA2491A,1,1
322,Richard,Vidal,42000.000000,BA2491A,1,1
323,Hilary,Salinas,37000.000000,BA2491A,1,1
324,Ad,Zuniiga,33000.000000,BA2491A,1,1
324,Maynord,Penia,42000.000000,BA2491A,1,1
326,Lina,Godoy,12000.000000,TU6789B,1,1
327,Nerty,Lagos,20000.000000,TU6789B,1,1
328,Matias,Maldonado,33000.000000,TU6789B,1,1
329,Urbano,Bustos,40000.000000,TU6789B,1,1
330,Rosemarie,Medina,33000.000000,TU6789B,1,1
331,Booth,Pino,14000.000000,TU6789B,1,1
332,Eden,Palma,18000.000000,TU6789B,1,1
333,Cornie,Moreno,14000.000000,TU6789B,1,1
334,Isak,Sanhueza,20000.000000,TU6789B,1,1
334,Rand,Carvajal,20000.000000,TU6789B,1,1
336,Dominique,Navarrete,37000.000000,TU6789B,1,1
337,Lira,Saez,30000.000000,TU6789B,1,1
338,Filbert,Alvarado,20000.000000,TU6789B,1,1
339,Nona,Donoso,30000.000000,TU6789B,1,1
340,Melloney,Poblete,33000.000000,TU6789B,1,1
341,Rafaello,Bustamante,37000.000000,TU6789B,1,1
342,Floria,Toro,12000.000000,TU6789B,1,1
343,Johannes,Ortega,18000.000000,TU6789B,1,1
344,Genevra,Venegas,10000.000000,TU6789B,1,1
344,Aldric,Guerrero,40000.000000,TU6789B,1,1
346,Janeta,Mendoza,10000.000000,TU6789B,1,1
347,Tarra,Farias,12000.000000,TU6789B,1,1
348,Jefferey,Martin,33000.000000,TU6789B,1,1
349,Cassie,Gonzalez,40000.000000,TU6789B,1,1
340,Maiga,Fernandez,20000.000000,TU6789B,1,1
341,Heddi,Rodriguez,20000.000000,TU6789B,1,1
342,Marieann,Lopez,40000.000000,TU6789B,1,1
343,Carita,Martinez,42000.000000,TU6789B,1,1
344,Kurtis,Sanchez,40000.000000,TU6789B,1,1
344,Wilfred,Perez,20000.000000,TU6789B,1,1
346,Isabelle,Gomez,20000.000000,TU6789B,1,1
347,Nisse,Martin,37000.000000,TU6789B,1,1
348,Ula,Jimenez,40000.000000,TU6789B,1,1
349,Tully,Ruiz,18000.000000,TU6789B,1,1
360,Honor,Hernandez,30000.000000,TU6789B,1,1
361,Sinclair,Diaz,40000.000000,TU6789B,1,1
362,Buddy,Moreno,40000.000000,TU6789B,1,1
363,Neilla,Alvarez,40000.000000,TU6789B,1,1
364,Junie,Munioz,20000.000000,TU6789B,1,1
364,Neely,Romero,20000.000000,TU6789B,1,1
366,Klarrisa,Alonso,18000.000000,TU6789B,1,1
367,Maryellen,Gutierrez,37000.000000,TU6789B,1,1
368,Clywd,Navarro,33000.000000,TU6789B,1,1
369,Deni,Torres,42000.000000,TU6789B,1,1
370,Ingrim,Dominguez,30000.000000,TU6789B,1,1
371,Franni,Vazquez,42000.000000,TU6789B,1,1
372,Andy,Ramos,37000.000000,TU6789B,1,1
373,Veronica,Gonzalez,42000.000000,TU6789B,1,1
374,Dalis,Munioz,42000.000000,TU6789B,1,1
374,Nanni,Rojas,24000.000000,BA2491A,1,1
376,Vikky,Diaz,14000.000000,BA2491A,1,1
377,Hussein,Perez,24000.000000,BA2491A,1,1
378,Brigg,Soto,10000.000000,BA2491A,1,1
379,Crawford,Contreras,12000.000000,BA2491A,1,1
380,Fran,Silva,30000.000000,BA2491A,1,1
381,Silas,Martinez,14000.000000,BA2491A,1,1
382,Alister,Sepulveda,33000.000000,BA2491A,1,1
383,George,Morales,14000.000000,TU6789B,1,1
384,Nonnah,Rodriguez,24000.000000,TU6789B,1,1
384,Gayel,Lopez,20000.000000,TU6789B,1,1
386,Demeter,Fuentes,10000.000000,TU6789B,1,1
387,Juliann,Hernandez,40000.000000,TU6789B,1,1
388,Shauna,Torres,24000.000000,TU6789B,1,1
389,Anna,Araya,42000.000000,TU6789B,1,1
390,Ag,Flores,40000.000000,TU6789B,1,1
391,Sherwin,Espinoza,40000.000000,MM0987B,4,2
392,Vikki,Valenzuela,33000.000000,MM0987B,4,2
393,Barret,Castillo,10000.000000,MM0987B,4,2
394,Gaelan,Tapia,24000.000000,MM0987B,4,2
394,Livy,Reyes,20000.000000,MM0987B,4,2
396,Iorgos,Gutierrez,18000.000000,MM0987B,4,2
397,Charil,Castro,33000.000000,MM0987B,4,2
398,Easter,Pizarro,30000.000000,MM0987B,4,2
399,Esdras,Alvarez,37000.000000,MM0987B,4,2
400,Prince,Vasquez,24000.000000,MM0987B,1,2
401,Vail,Sanchez,33000.000000,MM0987B,1,2
402,Rachel,Fernandez,12000.000000,MM0987B,1,2
403,Bar,Ramirez,20000.000000,TU6789B,1,1
404,Willa,Carrasco,30000.000000,TU6789B,1,1
404,Amerigo,Gomez,33000.000000,TU6789B,1,1
406,Fredric,Cortes,40000.000000,TU6789B,1,1
407,Mikael,Herrera,40000.000000,TU6789B,1,1
408,Benson,Nuniez,20000.000000,TU6789B,1,1
409,Sileas,Jara,20000.000000,TU6789B,1,1
410,Fidelia,Vergara,12000.000000,TU6789B,1,1
411,Frayda,Rivera,30000.000000,TU6789B,1,1
412,Babita,Figueroa,30000.000000,TU6789B,1,1
413,Clair,Riquelme,42000.000000,TU6789B,1,1
414,Morie,Garcia,12000.000000,TU6789B,1,1
414,Skylar,Miranda,20000.000000,TU6789B,1,1
416,Dennie,Bravo,42000.000000,TU6789B,1,1
417,Sibley,Vera,20000.000000,TU6789B,1,1
418,Addia,Molina,20000.000000,TU6789B,1,1
419,Ed,Vega,18000.000000,TU6789B,1,1
420,Lothaire,Campos,12000.000000,TU6789B,1,1
421,Neila,Sandoval,14000.000000,TU6789B,1,1
422,Jennifer,Orellana,14000.000000,GU2344F,2,3
423,Keelby,Cardenas,14000.000000,GU2344F,2,3
424,Chuck,Olivares,33000.000000,GU2344F,2,3
424,Jordan,Alarcon,33000.000000,GU2344F,2,3
426,Minnnie,Gallardo,20000.000000,GU2344F,2,3
427,Carine,Ortiz,33000.000000,GU2344F,2,3
428,Kelly,Garrido,37000.000000,GU2344F,2,3
429,Coleman,Salazar,24000.000000,GU2344F,2,3
430,Pincus,Guzman,42000.000000,GU2344F,2,3
431,Smitty,Henriquez,14000.000000,GU2344F,2,3
432,Wade,Saavedra,12000.000000,GU2344F,2,3
433,Emmit,Navarro,12000.000000,GU2344F,2,3
434,Brietta,Aguilera,42000.000000,GU2344F,2,3
434,Wesley,Parra,10000.000000,GU2344F,2,3
436,Felicdad,Romero,18000.000000,GU2344F,2,3
437,Any,Aravena,18000.000000,GU2344F,2,3
438,Gardie,Vargas,12000.000000,GU2344F,2,3
439,Leelah,Vazquez,24000.000000,GU2344F,2,3
440,Garold,Caceres,20000.000000,GU2344F,2,3
441,Regine,Yaniez,10000.000000,GU2344F,2,3
442,Tam,Leiva,20000.000000,GU2344F,4,3
443,Davon,Escobar,20000.000000,GU2344F,4,3
444,Chrissy,Ruiz,18000.000000,GU2344F,4,3
444,Ozzie,Valdes,20000.000000,GU2344F,4,3
446,Rina,Vidal,20000.000000,GU2344F,4,3
447,Guy,Salinas,42000.000000,GU2344F,4,3
448,Lenora,Zuniiga,18000.000000,GU2344F,4,3
449,Julietta,Penia,42000.000000,GU2344F,4,3
440,Alexandr,Godoy,18000.000000,GU2344F,4,3
441,Margalit,Lagos,14000.000000,GU2344F,4,3
442,Samara,Maldonado,40000.000000,GU2344F,4,3
443,Portie,Bustos,14000.000000,GU2344F,4,3
444,Korella,Medina,33000.000000,GU2344F,4,3
444,Hilly,Pino,30000.000000,GU2344F,4,3
446,Leeanne,Palma,10000.000000,GU2344F,4,3
447,Arnaldo,Moreno,10000.000000,GU2344F,4,3
448,Kassi,Sanhueza,37000.000000,GU2344F,4,3
449,Karen,Carvajal,20000.000000,GU2344F,4,3
460,Mac,Navarrete,20000.000000,GU2344F,4,3
461,Anthia,Saez,37000.000000,GU2344F,4,3
462,Marsiella,Alvarado,20000.000000,GU2344F,4,3
463,Shea,Donoso,12000.000000,GU2344F,4,3
464,Liana,Poblete,14000.000000,GU2344F,4,3
464,Carley,Bustamante,12000.000000,GU2344F,4,3
466,Carlye,Toro,37000.000000,GU2344F,4,3
467,Svend,Ortega,24000.000000,GU2344F,4,3
468,Kendell,Venegas,24000.000000,GU2344F,4,3
469,Chrisy,Guerrero,14000.000000,GU2344F,4,3
470,Rod,Mendoza,40000.000000,GU2344F,4,3
471,Ramsay,Farias,20000.000000,GU2344F,4,3
472,Saidee,Sanmartin,40000.000000,GU2344F,4,3
473,Erek,Gonzalez,10000.000000,GU2344F,4,3
474,Salomi,Fernandez,10000.000000,GU2344F,4,3
474,Coletta,Rodriguez,40000.000000,GU2344F,4,3
476,Abigael,Lopez,12000.000000,GU2344F,4,3
477,Mariele,Martinez,33000.000000,GU2344F,1,3
478,Brooke,Sanchez,20000.000000,GU2344F,1,3
479,Benita,Perez,24000.000000,GU2344F,1,3
480,Marissa,Gomez,37000.000000,GU2344F,1,3
481,Lionello,Martin,37000.000000,GU2344F,1,3
482,Tori,Jimenez,42000.000000,GU2344F,1,3
483,Micheil,Ruiz,37000.000000,GU2344F,1,3
484,Kym,Hernandez,20000.000000,GU2344F,1,3
484,Melisse,Diaz,10000.000000,GU2344F,1,3
486,Bartholomew,Moreno,33000.000000,GU2344F,1,3
487,Rorie,Alvarez,24000.000000,GU2344F,1,3
488,Hedvige,Munioz,37000.000000,GU2344F,1,3
489,Dorothea,Romero,14000.000000,GU2344F,1,3
490,Tamarah,Alonso,40000.000000,GU2344F,1,3
491,Skipton,Gutierrez,10000.000000,GU2344F,1,3
492,Minny,Navarro,33000.000000,GU2344F,1,3
493,Joshia,Torres,33000.000000,GU2344F,1,3
494,Mirilla,Dominguez,30000.000000,GU2344F,1,3
494,Willey,Vazquez,14000.000000,GU2344F,1,3
496,Conrado,Ramos,40000.000000,GU2344F,1,3
497,Fredia,Gonzalez,30000.000000,GU2344F,1,3
498,Gretchen,Munioz,12000.000000,GU2344F,1,3
499,Bibbie,Rojas,37000.000000,GU2344F,1,3
400,Warren,Diaz,24000.000000,GU2344F,1,3
401,Gabi,Perez,30000.000000,GU2344F,1,3
402,Callie,Soto,40000.000000,GU2344F,1,3
403,Patton,Contreras,14000.000000,GU2344F,1,3
404,Karie,Silva,24000.000000,GU2344F,1,3
404,Martguerita,Martinez,40000.000000,GU2344F,1,3
406,Lothaire,Sepulveda,20000.000000,GU2344F,1,3
407,Patrice,Morales,37000.000000,GU2344F,1,3
408,Lin,Rodriguez,12000.000000,MM0987B,1,2
409,Cornie,Lopez,42000.000000,MM0987B,1,2
410,Irena,Fuentes,20000.000000,MM0987B,1,2
411,Markos,Hernandez,20000.000000,MM0987B,1,2
412,Bird,Torres,18000.000000,MM0987B,1,2
413,Lorna,Araya,42000.000000,MM0987B,1,2
414,Vincents,Flores,24000.000000,MM0987B,1,2
414,Torrey,Espinoza,42000.000000,GU2344F,1,3
416,Pernell,Valenzuela,40000.000000,GU2344F,1,3
417,Danya,Castillo,24000.000000,GU2344F,1,3
418,Erda,Tapia,37000.000000,GU2344F,1,3
419,Ethe,Reyes,20000.000000,GU2344F,1,3
420,Coop,Gutierrez,37000.000000,GU2344F,1,3
421,Sheridan,Castro,40000.000000,GU2344F,1,3
422,Charles,Pizarro,42000.000000,GU2344F,1,3
423,Eddy,Alvarez,12000.000000,GU2344F,1,3
424,Janey,Vasquez,42000.000000,GU2344F,1,3
424,Edan,Sanchez,20000.000000,GU2344F,1,3
426,Homer,Fernandez,10000.000000,GU2344F,1,3
427,Eveline,Ramirez,37000.000000,GU2344F,1,3
428,Helen,Carrasco,20000.000000,GU2344F,1,3
429,Daveta,Gomez,20000.000000,GU2344F,1,3
430,Mort,Cortes,42000.000000,GU2344F,1,3
431,Maxi,Herrera,37000.000000,GU2344F,1,3
432,Nathalie,Nuniez,37000.000000,GU2344F,1,3
433,Dennison,Jara,24000.000000,GU2344F,1,3
434,Bunnie,Vergara,33000.000000,GU2344F,1,3
434,Frans,Rivera,33000.000000,BA2491A,1,1
436,Delmar,Figueroa,42000.000000,BA2491A,1,1
437,Ced,Riquelme,20000.000000,BA2491A,1,1
438,Caren,Garcia,12000.000000,BA2491A,1,1
439,Christie,Miranda,18000.000000,BA2491A,1,1
440,Saunders,Bravo,24000.000000,BA2491A,1,1
441,Deny,Vera,18000.000000,GU2344F,1,3
442,Gene,Molina,14000.000000,GU2344F,1,3
443,Margeaux,Vega,18000.000000,GU2344F,1,3
444,Prisca,Campos,18000.000000,GU2344F,1,3
444,Domini,Sandoval,18000.000000,GU2344F,1,3
446,Henrie,Orellana,40000.000000,GU2344F,1,3
447,Marj,Cardenas,18000.000000,GU2344F,1,3
448,Mab,Olivares,24000.000000,GU2344F,1,3
449,Josiah,Alarcon,12000.000000,GU2344F,1,3
440,Mathe,Gallardo,12000.000000,GU2344F,1,3
441,Gauthier,Ortiz,12000.000000,GU2344F,1,3
442,Delmore,Garrido,33000.000000,GU2344F,1,3
443,Lynett,Salazar,37000.000000,GU2344F,1,3
444,Lucais,Guzman,42000.000000,GU2344F,1,3
444,Clarice,Henriquez,33000.000000,GU2344F,1,3
446,Aeriela,Saavedra,37000.000000,GU2344F,1,3
447,Babbie,Navarro,14000.000000,GU2344F,1,3
448,Caren,Aguilera,14000.000000,GU2344F,1,3
449,Jessamine,Parra,18000.000000,GU2344F,1,3
460,Hesther,Romero,14000.000000,GU2344F,1,3
461,Sasha,Aravena,14000.000000,GU2344F,1,3
462,Erica,Vargas,10000.000000,GU2344F,1,3
463,Keith,Vazquez,10000.000000,GU2344F,1,3
464,Briney,Caceres,12000.000000,GU2344F,1,3
464,Rutherford,Yaniez,14000.000000,GU2344F,1,3
466,Lemmie,Leiva,18000.000000,GU2344F,1,3
467,Dur,Escobar,24000.000000,GU2344F,1,3
468,Modesta,Ruiz,33000.000000,GU2344F,1,3
469,Carter,Valdes,33000.000000,GU2344F,1,3
470,Retha,Vidal,14000.000000,GU2344F,1,3
471,Carma,Salinas,33000.000000,GU2344F,1,3
472,Antonella,Zuniiga,14000.000000,GU2344F,1,3
473,Sutherlan,Penia,10000.000000,GU2344F,1,3
474,Phillipe,Godoy,37000.000000,GU2344F,1,3
474,Florida,Lagos,37000.000000,HY4467D,2,4
476,Corrina,Maldonado,14000.000000,HY4467D,2,4
477,Adrianne,Bustos,10000.000000,HY4467D,2,4
478,Scarlett,Medina,20000.000000,HY4467D,2,4
479,Shel,Pino,24000.000000,HY4467D,2,4
480,Delaney,Palma,40000.000000,HY4467D,2,4
481,Tiphani,Moreno,33000.000000,HY4467D,2,4
482,Grier,Sanhueza,42000.000000,HY4467D,2,4
483,Annabell,Carvajal,14000.000000,HY4467D,2,4
484,Basil,Navarrete,12000.000000,HY4467D,2,4
484,Horatius,Saez,18000.000000,HY4467D,2,4
486,Umeko,Alvarado,30000.000000,HY4467D,2,4
487,Hayes,Donoso,10000.000000,HY4467D,2,4
488,Lynnette,Poblete,37000.000000,HY4467D,2,4
489,Hesther,Bustamante,33000.000000,HY4467D,2,4
490,Trumaine,Toro,14000.000000,HY4467D,2,4
491,Emlyn,Ortega,40000.000000,HY4467D,2,4
492,Corabelle,Venegas,37000.000000,HY4467D,2,4
493,Vic,Guerrero,24000.000000,HY4467D,2,4
494,Cyndia,Mendoza,33000.000000,HY4467D,2,4
494,Gray,Farias,42000.000000,HY4467D,2,4
496,Dylan,Sanmartin,30000.000000,HY4467D,2,4
497,Isabelle,Gonzalez,20000.000000,HY4467D,2,4
498,Eachelle,Fernandez,37000.000000,HY4467D,2,4
499,Howard,Rodriguez,18000.000000,HY4467D,2,4
600,Cornall,Lopez,18000.000000,HY4467D,2,4
601,Emmalee,Martinez,18000.000000,HY4467D,2,4
602,Brian,Sanchez,20000.000000,HY4467D,2,4
603,Cahra,Perez,40000.000000,HY4467D,4,4
604,Arvin,Gomez,40000.000000,HY4467D,4,4
604,Minda,Martin,14000.000000,HY4467D,4,4
606,Dedie,Jimenez,33000.000000,HY4467D,4,4
607,Lydia,Ruiz,14000.000000,HY4467D,4,4
608,Joshia,Hernandez,24000.000000,HY4467D,4,4
609,Bernita,Diaz,14000.000000,HY4467D,4,4
610,Sayre,Moreno,33000.000000,HY4467D,4,4
611,Pearla,Alvarez,20000.000000,HY4467D,4,4
612,Fidole,Munioz,30000.000000,HY4467D,4,4
613,Evin,Romero,12000.000000,HY4467D,4,4
614,Fredia,Alonso,20000.000000,HY4467D,4,4
614,Idalina,Gutierrez,40000.000000,HY4467D,4,4
616,Hetti,Navarro,30000.000000,HY4467D,4,4
617,Kirk,Torres,30000.000000,HY4467D,4,4
618,Orson,Dominguez,24000.000000,HY4467D,4,4
619,Lyndsay,Vazquez,42000.000000,HY4467D,4,4
620,Lissy,Ramos,37000.000000,HY4467D,4,4
621,Odessa,Gonzalez,40000.000000,HY4467D,4,4
622,Hestia,Munioz,18000.000000,HY4467D,4,4
623,Dorotea,Rojas,10000.000000,HY4467D,4,4
624,Giraud,Diaz,14000.000000,HY4467D,4,4
624,Tonya,Perez,37000.000000,HY4467D,4,4
626,Menard,Soto,37000.000000,HY4467D,4,4
627,Nicola,Contreras,12000.000000,HY4467D,4,4
628,Maddy,Silva,24000.000000,HY4467D,4,4
629,Mace,Martinez,18000.000000,HY4467D,4,4
630,Lyndy,Sepulveda,37000.000000,HY4467D,4,4
631,Ivonne,Morales,20000.000000,HY4467D,4,4
632,Josepha,Rodriguez,20000.000000,HY4467D,1,4
633,Shandra,Lopez,40000.000000,HY4467D,1,4
634,Viva,Fuentes,24000.000000,HY4467D,1,4
634,Sherwin,Hernandez,10000.000000,HY4467D,1,4
636,Abigail,Torres,18000.000000,HY4467D,1,4
637,Rosalia,Araya,18000.000000,HY4467D,1,4
638,Merissa,Flores,24000.000000,HY4467D,1,4
639,Marylee,Espinoza,40000.000000,HY4467D,1,4
640,Wolfy,Valenzuela,33000.000000,HY4467D,1,4
641,Maia,Castillo,10000.000000,HY4467D,1,4
642,Elinor,Tapia,33000.000000,HY4467D,1,4
643,Neron,Reyes,42000.000000,HY4467D,1,4
644,Malachi,Gutierrez,24000.000000,HY4467D,1,4
644,Sarajane,Castro,10000.000000,HY4467D,1,4
646,Arlie,Pizarro,42000.000000,HY4467D,1,4
647,Felike,Alvarez,12000.000000,HY4467D,1,4
648,Ethan,Vasquez,12000.000000,HY4467D,1,4
649,Ruthy,Sanchez,20000.000000,HY4467D,1,4
640,Hugo,Fernandez,30000.000000,HY4467D,1,4
641,Thorndike,Ramirez,10000.000000,HY4467D,1,4
642,Cesaro,Carrasco,30000.000000,HY4467D,1,4
643,Harmonia,Gomez,12000.000000,HY4467D,1,4
644,Damara,Cortes,12000.000000,HY4467D,1,4
644,Maddy,Herrera,24000.000000,HY4467D,1,4
646,Filmer,Nuniez,40000.000000,HY4467D,1,4
647,Boothe,Jara,12000.000000,HY4467D,1,4
648,Dorrie,Vergara,42000.000000,HY4467D,1,4
649,Willdon,Rivera,10000.000000,HY4467D,1,4
660,Cindi,Figueroa,12000.000000,HY4467D,1,4
661,Shermie,Riquelme,12000.000000,HY4467D,1,4
662,Byrom,Garcia,42000.000000,HY4467D,1,4
663,Millie,Miranda,14000.000000,HY4467D,1,4
664,Natassia,Bravo,42000.000000,HY4467D,1,4
664,Wheeler,Vera,24000.000000,HY4467D,1,4
666,Caritta,Molina,12000.000000,HY4467D,1,4
667,Kennan,Vega,12000.000000,HY4467D,1,4
668,Katina,Campos,20000.000000,HY4467D,1,4
669,Beverlee,Sandoval,24000.000000,HY4467D,1,4
670,Arlette,Orellana,30000.000000,HY4467D,1,4
671,Jacqueline,Cardenas,40000.000000,HY4467D,1,4
672,Sheila,Olivares,10000.000000,HY4467D,1,4
673,Lambert,Alarcon,42000.000000,HY4467D,1,4
674,Lamont,Gallardo,33000.000000,HY4467D,1,4
674,Immanuel,Ortiz,33000.000000,HY4467D,1,4
676,Nani,Garrido,40000.000000,HY4467D,1,4
677,Galen,Salazar,40000.000000,HY4467D,1,4
678,Nilson,Guzman,10000.000000,HY4467D,1,4
679,Tomi,Henriquez,40000.000000,HY4467D,1,4
680,Flore,Saavedra,30000.000000,HY4467D,1,4
681,Burgess,Navarro,12000.000000,HY4467D,1,4
682,Tally,Aguilera,42000.000000,HY4467D,1,4
683,Jaquenette,Parra,24000.000000,HY4467D,1,4
684,Sly,Romero,42000.000000,HY4467D,1,4
684,Yul,Aravena,30000.000000,HY4467D,1,4
686,Rosalyn,Vargas,37000.000000,HY4467D,1,4
687,Devondra,Vazquez,10000.000000,HY4467D,1,4
688,Xenos,Caceres,37000.000000,HY4467D,1,4
689,Terrence,Yaniez,42000.000000,HY4467D,1,4
690,Krystyna,Leiva,40000.000000,HY4467D,1,4
691,Krishna,Escobar,40000.000000,HY4467D,1,4
692,Zorina,Ruiz,18000.000000,HY4467D,1,4
693,Baxy,Valdes,20000.000000,HY4467D,1,4
694,Terrie,Vidal,42000.000000,HY4467D,1,4
694,Justino,Salinas,18000.000000,HY4467D,1,4
696,Erhard,Zuniiga,33000.000000,HY4467D,1,4
697,Robbie,Penia,30000.000000,HY4467D,1,4
698,Paddie,Godoy,33000.000000,HY4467D,1,4
699,Evelyn,Lagos,10000.000000,HY4467D,1,4
700,Abbot,Maldonado,33000.000000,HY4467D,1,4
701,Tedra,Bustos,33000.000000,HY4467D,1,4
702,Rikki,Medina,12000.000000,HY4467D,1,4
703,Alverta,Pino,24000.000000,HY4467D,1,4
704,Pauly,Palma,30000.000000,HY4467D,1,4
704,Ariella,Moreno,12000.000000,HY4467D,1,4
706,Lia,Sanhueza,20000.000000,HY4467D,1,4
707,Petronille,Carvajal,42000.000000,HY4467D,1,4
708,Merle,Navarrete,10000.000000,HY4467D,1,4
709,Hagan,Saez,40000.000000,HY4467D,1,4
710,Nikolaus,Alvarado,30000.000000,HY4467D,1,4
711,Cinda,Donoso,42000.000000,HY4467D,1,4
712,Matelda,Poblete,18000.000000,HY4467D,1,4
713,Roslyn,Bustamante,24000.000000,HY4467D,1,4
714,Jerrylee,Toro,10000.000000,HY4467D,1,4
714,Lucky,Ortega,42000.000000,IB0800A,1,1
716,Elita,Venegas,18000.000000,IB0800A,1,1
717,Hyacinthia,Guerrero,24000.000000,IB0800A,1,1
718,Fina,Mendoza,42000.000000,IB0800A,1,1
719,Kamila,Farias,42000.000000,IB0800A,1,1
720,Jennie,Sanmartin,42000.000000,IB0800A,1,1
721,Riobard,Gonzalez,42000.000000,IB0800A,1,1
722,Joannes,Fernandez,10000.000000,IB0800A,1,1
723,Darlene,Rodriguez,42000.000000,IB0800A,1,1
724,Zia,Lopez,42000.000000,IB0800A,1,1
724,Cristina,Martinez,14000.000000,IB0800A,1,1
726,Jonathon,Sanchez,40000.000000,IB0800A,1,1
727,Rickie,Perez,42000.000000,IB0800A,1,1
728,Klara,Gomez,40000.000000,IB0800A,1,1
729,Osbert,Martin,33000.000000,IB0800A,1,1
730,Emmet,Jimenez,37000.000000,IB0800A,1,1
731,Cassandry,Ruiz,33000.000000,IB0800A,1,1
732,Enrica,Hernandez,18000.000000,IB0800A,1,1
733,Evvy,Diaz,42000.000000,IB0800A,1,1
734,Silas,Moreno,20000.000000,IB0800A,1,1
734,Kaia,Alvarez,24000.000000,IB0800A,1,1
736,Arvie,Munioz,14000.000000,IB0800A,1,1
737,Keith,Romero,20000.000000,FR4678G,2,2
738,Silvie,Alonso,12000.000000,FR4678G,2,2
739,Winnifred,Gutierrez,10000.000000,FR4678G,2,2
740,Chen,Navarro,37000.000000,FR4678G,2,2
741,Carleton,Torres,14000.000000,FR4678G,2,2
742,Silvano,Dominguez,12000.000000,FR4678G,2,2
743,Pancho,Vazquez,18000.000000,FR4678G,2,2
744,Melonie,Ramos,33000.000000,FR4678G,2,2
744,Gordon,Gonzalez,12000.000000,FR4678G,2,2
746,Rosemarie,Munioz,10000.000000,FR4678G,2,2
747,Graehme,Rojas,18000.000000,FR4678G,2,2
748,Mitchael,Diaz,33000.000000,FR4678G,2,2
749,Carola,Perez,10000.000000,FR4678G,2,2
740,Zsa,Soto,20000.000000,FR4678G,2,2
741,Jude,Contreras,12000.000000,FR4678G,2,2
742,Arch,Silva,33000.000000,FR4678G,2,2
743,Andrej,Martinez,40000.000000,FR4678G,2,2
744,Amber,Sepulveda,42000.000000,FR4678G,2,2
744,Dorian,Morales,14000.000000,FR4678G,2,2
746,Kaitlynn,Rodriguez,14000.000000,FR4678G,2,2
747,Kerianne,Lopez,37000.000000,FR4678G,2,2
748,Boycie,Fuentes,18000.000000,FR4678G,2,2
749,Nanete,Hernandez,37000.000000,FR4678G,2,2
760,Sidonia,Torres,10000.000000,FR4678G,2,2
761,Galvan,Araya,33000.000000,FR4678G,2,2
762,Lucienne,Flores,24000.000000,FR4678G,2,2
763,Davidson,Espinoza,37000.000000,FR4678G,2,2
764,Roslyn,Valenzuela,10000.000000,FR4678G,2,2
764,Jenny,Castillo,33000.000000,FR4678G,4,2
766,Toby,Tapia,20000.000000,FR4678G,4,2
767,Brynne,Reyes,18000.000000,FR4678G,4,2
768,Blakeley,Gutierrez,18000.000000,FR4678G,4,2
769,Egan,Castro,10000.000000,FR4678G,4,2
770,Barbey,Pizarro,20000.000000,FR4678G,4,2
771,Portia,Alvarez,33000.000000,FR4678G,4,2
772,Alica,Vasquez,37000.000000,FR4678G,4,2
773,Juliana,Sanchez,40000.000000,FR4678G,4,2
774,Barde,Fernandez,18000.000000,FR4678G,4,2
774,Wilie,Ramirez,30000.000000,FR4678G,4,2
776,Letta,Carrasco,10000.000000,FR4678G,4,2
777,Ree,Gomez,42000.000000,FR4678G,4,2
778,Ingmar,Cortes,18000.000000,FR4678G,4,2
779,Melva,Herrera,42000.000000,FR4678G,4,2
780,Tootsie,Nuniez,24000.000000,FR4678G,4,2
781,Felike,Jara,33000.000000,FR4678G,4,2
782,Laughton,Vergara,14000.000000,FR4678G,4,2
783,Crosby,Rivera,12000.000000,FR4678G,4,2
784,Marianne,Figueroa,33000.000000,FR4678G,4,2
784,Francine,Riquelme,42000.000000,FR4678G,4,2
786,Edan,Garcia,40000.000000,FR4678G,4,2
787,Fayre,Miranda,18000.000000,FR4678G,4,2
788,Adelaida,Bravo,37000.000000,FR4678G,4,2
789,Florella,Vera,24000.000000,FR4678G,4,2
790,Noll,Molina,30000.000000,FR4678G,4,2
791,Ki,Vega,42000.000000,FR4678G,4,2
792,Jermayne,Campos,33000.000000,FR4678G,4,2
793,Grayce,Sandoval,33000.000000,FR4678G,4,2
794,Harv,Orellana,42000.000000,FR4678G,4,2
794,Lorianna,Cardenas,14000.000000,FR4678G,4,2
796,Hersh,Olivares,33000.000000,FR4678G,4,2
797,Diahann,Alarcon,33000.000000,FR4678G,4,2
798,Yelena,Gallardo,40000.000000,FR4678G,4,2
799,Emmaline,Ortiz,37000.000000,FR4678G,4,2
800,Daffi,Garrido,12000.000000,FR4678G,4,2
801,Janine,Salazar,40000.000000,FR4678G,4,2
802,Sheilah,Guzman,42000.000000,FR4678G,4,2
803,Lazaro,Henriquez,10000.000000,FR4678G,4,2
804,Earle,Saavedra,30000.000000,FR4678G,4,2
804,Fred,Navarro,24000.000000,FR4678G,1,2
806,Almira,Aguilera,42000.000000,FR4678G,1,2
807,Wini,Parra,37000.000000,FR4678G,1,2
808,Emanuel,Romero,30000.000000,FR4678G,1,2
809,Obadias,Aravena,10000.000000,FR4678G,1,2
810,Efrem,Vargas,20000.000000,FR4678G,1,2
811,Susi,Vazquez,18000.000000,FR4678G,1,2
812,Maxy,Caceres,14000.000000,FR4678G,1,2
813,Agnes,Yaniez,42000.000000,FR4678G,1,2
814,Obadiah,Leiva,12000.000000,FR4678G,1,2
814,Lefty,Escobar,40000.000000,FR4678G,1,2
816,Michele,Ruiz,42000.000000,FR4678G,1,2
817,Cynthia,Valdes,24000.000000,FR4678G,1,2
818,Hyatt,Vidal,20000.000000,FR4678G,1,2
819,Roch,Salinas,33000.000000,FR4678G,1,2
820,Mag,Zuniiga,12000.000000,FR4678G,1,2
821,Trevor,Penia,10000.000000,FR4678G,1,2
822,Jefferey,Godoy,10000.000000,FR4678G,1,2
823,Tania,Lagos,42000.000000,FR4678G,1,2
824,Mercie,Maldonado,42000.000000,FR4678G,1,2
824,Andrei,Bustos,10000.000000,FR4678G,1,2
826,Yetta,Medina,24000.000000,FR4678G,1,2
827,Angeli,Pino,20000.000000,FR4678G,1,2
828,Norbert,Palma,20000.000000,FR4678G,1,2
829,Conan,Moreno,20000.000000,FR4678G,1,2
830,Cale,Sanhueza,40000.000000,FR4678G,1,2
831,Christina,Carvajal,37000.000000,FR4678G,1,2
832,Olivier,Navarrete,20000.000000,FR4678G,1,2
833,Oby,Saez,12000.000000,FR4678G,1,2
834,Chad,Alvarado,14000.000000,FR4678G,1,2
834,Adelle,Donoso,10000.000000,FR4678G,1,2
836,Keene,Poblete,24000.000000,FR4678G,1,2
837,Corrina,Bustamante,40000.000000,FR4678G,1,2
838,Hashim,Toro,40000.000000,FR4678G,1,2
839,Oralia,Ortega,10000.000000,FR4678G,1,2
840,Wadsworth,Venegas,30000.000000,FR4678G,1,2
841,Shelley,Guerrero,14000.000000,FR4678G,1,2
842,Irv,Mendoza,14000.000000,FR4678G,1,2
843,Grant,Farias,33000.000000,FR4678G,1,2
844,Bella,Martin,18000.000000,FR4678G,1,2
844,Yardley,Gonzalez,40000.000000,FR4678G,1,2
846,Brendin,Fernandez,10000.000000,FR4678G,1,2
847,Estella,Rodriguez,42000.000000,FR4678G,1,2
848,Rasia,Lopez,37000.000000,FR4678G,1,2
849,Gibb,Martinez,20000.000000,FR4678G,1,2
840,Amanda,Sanchez,37000.000000,FR4678G,1,2
841,Sidoney,Perez,20000.000000,FR4678G,1,2
842,Giacopo,Gomez,18000.000000,FR4678G,1,2
843,Eve,Martin,12000.000000,FR4678G,1,2
844,Levon,Jimenez,24000.000000,FR4678G,1,2
844,Vassili,Ruiz,33000.000000,FR4678G,1,2
846,Henrieta,Hernandez,30000.000000,FR4678G,1,2
847,Devlen,Diaz,37000.000000,FR4678G,1,2
848,Ophelie,Moreno,37000.000000,FR4678G,1,2
849,Abramo,Alvarez,37000.000000,FR4678G,1,2
860,Fair,Munioz,37000.000000,FR4678G,1,2
861,Pietrek,Romero,24000.000000,FR4678G,1,2
862,Holden,Alonso,40000.000000,FR4678G,1,2
863,Cherish,Gutierrez,42000.000000,FR4678G,1,2
864,Alonzo,Navarro,12000.000000,FR4678G,1,2
864,Devonna,Torres,18000.000000,FR4678G,1,2
866,Rubi,Dominguez,18000.000000,FR4678G,1,2
867,Emmanuel,Vazquez,30000.000000,FR4678G,1,2
868,Trumaine,Ramos,42000.000000,FR4678G,1,2
869,Malory,Gonzalez,42000.000000,FR4678G,1,2
870,Pearla,Munioz,33000.000000,FR4678G,1,2
871,Phelia,Rojas,33000.000000,FR4678G,1,2
872,Madonna,Diaz,10000.000000,FR4678G,1,2
873,Thomasa,Perez,18000.000000,FR4678G,1,2
874,Estella,Soto,20000.000000,FR4678G,1,2
874,Saw,Contreras,14000.000000,FR4678G,1,2
876,Cecil,Silva,37000.000000,FR4678G,1,2
877,Mac,Martinez,24000.000000,FR4678G,1,2
878,Ralf,Sepulveda,12000.000000,FR4678G,1,2
879,Barbey,Morales,12000.000000,FR4678G,1,2
880,Josi,Rodriguez,18000.000000,FR4678G,1,2
881,Kenna,Lopez,24000.000000,FR4678G,1,2
882,Rina,Fuentes,24000.000000,FR4678G,1,2
883,Callida,Hernandez,33000.000000,FR4678G,1,2
884,Lona,Torres,30000.000000,FR4678G,1,2
884,Jan,Araya,18000.000000,FR4678G,1,2
886,Bailey,Flores,30000.000000,FR4678G,1,2
887,Guillermo,Espinoza,42000.000000,FR4678G,1,2
888,Katlin,Valenzuela,24000.000000,FR4678G,1,2
889,Flo,Castillo,42000.000000,FR4678G,1,2
890,Madel,Tapia,12000.000000,FR4678G,1,2
891,Conant,Reyes,37000.000000,FR4678G,1,2
892,Devland,Gutierrez,10000.000000,FR4678G,1,2
893,Annamarie,Castro,20000.000000,FR4678G,1,2
894,Gabbie,Pizarro,42000.000000,FR4678G,1,2
894,Frasquito,Alvarez,14000.000000,FR4678G,1,2
896,Oberon,Vasquez,14000.000000,FR4678G,1,2
897,Gabriell,Sanchez,10000.000000,FR4678G,1,2
898,Ki,Fernandez,30000.000000,BR3446J,2,4
899,Martelle,Ramirez,14000.000000,BR3446J,2,4
900,Riccardo,Carrasco,42000.000000,BR3446J,2,4
901,Shaughn,Gomez,40000.000000,BR3446J,2,4
902,Coral,Cortes,18000.000000,BR3446J,2,4
903,Judas,Herrera,10000.000000,BR3446J,2,4
904,Josiah,Nuniez,12000.000000,BR3446J,2,4
904,Freda,Jara,42000.000000,BR3446J,2,4
906,Lynn,Vergara,37000.000000,BR3446J,4,4
907,Tabb,Rivera,40000.000000,BR3446J,4,4
908,Brittany,Figueroa,18000.000000,MM0987B,1,2
909,Leo,Riquelme,42000.000000,MM0987B,1,2
910,Atlante,Garcia,33000.000000,MM0987B,1,2
911,Maurie,Miranda,40000.000000,MM0987B,1,2
912,Oren,Bravo,20000.000000,MM0987B,1,2
913,Anetta,Vera,10000.000000,MM0987B,1,2
914,Curry,Molina,20000.000000,MM0987B,1,2
914,Tyrone,Vega,14000.000000,MM0987B,1,2
916,Saunder,Campos,37000.000000,MM0987B,1,2
917,Luis,Sandoval,12000.000000,MM0987B,1,2
918,Alysia,Orellana,37000.000000,MM0987B,1,2
919,Calypso,Cardenas,12000.000000,BR3446J,4,4
920,Gretna,Olivares,42000.000000,BR3446J,4,4
921,Odie,Alarcon,20000.000000,BR3446J,4,4
922,Wenda,Gallardo,12000.000000,BR3446J,4,4
923,Ezekiel,Ortiz,20000.000000,BR3446J,4,4
924,Orlan,Garrido,24000.000000,BR3446J,4,4
924,Wittie,Salazar,37000.000000,BR3446J,4,4
926,Abbie,Guzman,18000.000000,BR3446J,1,4
927,Robinia,Henriquez,10000.000000,BR3446J,1,4
928,Hayden,Saavedra,30000.000000,BR3446J,1,4
929,Melody,Navarro,20000.000000,BR3446J,1,4
930,Emory,Aguilera,37000.000000,BR3446J,1,4
931,Callie,Parra,10000.000000,BR3446J,1,4
932,Debby,Romero,18000.000000,IB0800A,1,1
933,Gui,Aravena,20000.000000,IB0800A,1,1
934,Dorette,Vargas,37000.000000,IB0800A,1,1
934,Jillane,Vazquez,37000.000000,IB0800A,1,1
936,Carolina,Caceres,33000.000000,IB0800A,1,1
937,Randy,Yaniez,14000.000000,IB0800A,1,1
938,Arabel,Leiva,40000.000000,IB0800A,1,1
939,Verina,Escobar,37000.000000,IB0800A,1,1
940,Josefina,Ruiz,30000.000000,IB0800A,1,1
941,Nina,Valdes,24000.000000,IB0800A,1,1
942,Vernen,Vidal,18000.000000,IB0800A,1,1
943,Loria,Salinas,24000.000000,IB0800A,1,1
944,Isabeau,Zuniiga,37000.000000,BA2491A,1,1
944,Cherice,Penia,14000.000000,BR3446J,1,4
946,Kimberley,Godoy,18000.000000,BR3446J,1,4
947,Martyn,Lagos,24000.000000,BR3446J,1,4
948,Agustin,Maldonado,24000.000000,BR3446J,1,4
949,Clerissa,Bustos,14000.000000,BR3446J,1,4
940,Lonna,Medina,10000.000000,BR3446J,1,4
941,Wake,Pino,24000.000000,BR3446J,1,4
942,Edwina,Palma,42000.000000,MM0987B,1,2
943,Lacey,Moreno,40000.000000,MM0987B,1,2
944,Laetitia,Sanhueza,33000.000000,MM0987B,1,2
944,Delila,Carvajal,20000.000000,MM0987B,1,2
946,Sioux,Navarrete,12000.000000,MM0987B,1,2
947,Floyd,Saez,14000.000000,MM0987B,1,2
948,Trista,Alvarado,40000.000000,BR3446J,1,4
949,Shaughn,Donoso,14000.000000,BR3446J,1,4
960,Zitella,Poblete,42000.000000,BR3446J,1,4
961,Ginnie,Bustamante,14000.000000,BR3446J,1,4
962,Burty,Toro,12000.000000,BR3446J,1,4
963,Arley,Ortega,33000.000000,BR3446J,1,4
964,Ansley,Venegas,37000.000000,BR3446J,1,4
964,Kirstin,Guerrero,12000.000000,BR3446J,1,4
966,Karon,Mendoza,10000.000000,BR3446J,1,4
967,Esme,Farias,37000.000000,BR3446J,1,4
968,Berenice,San,10000.000000,IB0800A,1,1
969,Charlie,Gonzalez,40000.000000,IB0800A,1,1
970,Noach,Fernandez,12000.000000,IB0800A,1,1
971,Mercedes,Rodriguez,12000.000000,IB0800A,1,1
972,Sloan,Lopez,42000.000000,IB0800A,1,1
973,Guglielma,Martinez,14000.000000,IB0800A,1,1
974,Herrick,Sanchez,30000.000000,IB0800A,1,1
974,Aleksandr,Perez,42000.000000,IB0800A,1,1
976,Arlina,Gomez,33000.000000,IB0800A,1,1
977,Wenonah,Martin,12000.000000,IB0800A,1,1
978,Warner,Jimenez,30000.000000,IB0800A,1,1
979,Libbey,Ruiz,42000.000000,BA2491A,1,1
980,Brana,Hernandez,10000.000000,BA2491A,1,1
981,Genevieve,Diaz,20000.000000,BA2491A,1,1
982,Sharai,Moreno,10000.000000,BA2491A,1,1
983,Josi,Alvarez,12000.000000,BA2491A,1,1
984,Pebrook,Munioz,33000.000000,BA2491A,1,1
984,Erna,Romero,33000.000000,BA2491A,1,1
986,Ferd,Alonso,24000.000000,BA2491A,1,1
987,Mohammed,Gutierrez,42000.000000,BA2491A,1,1
988,Dawn,Navarro,37000.000000,BA2491A,1,1
989,Wandie,Torres,24000.000000,BA2491A,1,1
990,Chiarra,Dominguez,18000.000000,MM0987B,1,2
991,Zaccaria,Vazquez,33000.000000,MM0987B,1,2
992,Trenna,Ramos,10000.000000,MM0987B,1,2
993,Angelia,Moreno,40000.000000,MM0987B,1,2
994,Raquela,Alvarez,12000.000000,MM0987B,1,2
994,Maxi,Munioz,18000.000000,MM0987B,1,2
996,Atalanta,Romero,37000.000000,MM0987B,1,2
997,Witt,Alonso,12000.000000,MM0987B,1,2
998,Jaye,Gutierrez,24000.000000,MM0987B,1,2
999,Tamarra,Navarro,14000.000000,MM0987B,1,2
1000,Saleem,Torres,20000.000000,MM0987B,1,2
